N,Result,Time
1000,977,0.000267
5000,1809,0.006915
10000,3617,0.027845
50000,34465,0.700312
100000,68929,2.90776
500000,475713,73.4888
1000000,951425,293.493
