N,Result,Time
1000,977,0.000332
5000,1809,0.007329
10000,3617,0.043386
50000,34465,0.806428
100000,68929,3.48488
500000,475713,82.5997
1000000,951425,416.507
