N,Result,Time
1000,977,2e-06
5000,1809,1.9e-05
10000,3617,3.1e-05
50000,34465,0.000153
100000,68929,0.00031
500000,475713,0.001461
1000000,951425,0.002973
