N,Result,Time
1000,977,3.3e-05
5000,1809,0.000172
10000,3617,0.000284
50000,34465,0.001395
100000,68929,0.00275
500000,475713,0.013619
1000000,951425,0.028703
